City_ID,City,Lat,Lng,Max Temp,Humidity,Cloudiness,Wind Speed,Country,Date
0,jamestown,42.097,-79.2353,2.77,51,0,10.29,US,1678226377
1,port alfred,-33.5906,26.891,21.21,94,100,0.45,ZA,1678226205
2,alofi,-19.0595,-169.9187,24.94,22,75,3.09,NU,1678226199
3,ushuaia,-54.8,-68.3,10.81,58,75,3.09,AR,1678226175
4,markova,48.6758,24.4138,0.37,83,76,2.27,UA,1678226431
5,busselton,-33.65,115.3333,14.24,68,95,6.23,AU,1678226434
6,victoria,22.2855,114.1577,19.62,88,1,2.68,HK,1678226209
7,tongliao,43.6125,122.2653,-3.19,58,6,2.93,CN,1678226192
8,mahebourg,-20.4081,57.7,25.16,88,75,3.09,MU,1678226178
9,yellowknife,62.456,-114.3525,-15.71,66,75,4.12,CA,1678226183
10,xichang,27.8964,102.2634,11.36,78,44,0.76,CN,1678226437
11,rio grande,-32.035,-52.0986,27.06,88,3,3.82,BR,1678226289
12,ribeira grande,38.5167,-28.7,16.54,77,40,13.89,PT,1678226207
13,mar del plata,-38.0023,-57.5575,25.01,75,40,4.63,AR,1678226173
14,alta floresta,-9.8756,-56.0861,23.73,96,97,1.54,BR,1678226266
15,cape town,-33.9258,18.4232,21.32,73,0,4.12,ZA,1678226181
16,glenwood springs,39.5505,-107.3248,9.45,38,0,6.69,US,1678226438
17,belaya gora,68.5333,146.4167,-34.71,100,91,1.07,RU,1678226276
18,esperance,-33.8667,121.9,17.37,68,100,1.9,AU,1678226181
19,cherskiy,68.75,161.3,-34.63,97,39,1.36,RU,1678226180
20,mataura,-46.1927,168.8643,21.39,56,23,1.86,NZ,1678226143
21,beringovskiy,63.05,179.3167,-21.98,85,7,1.03,RU,1678226220
22,khatanga,71.9667,102.5,-37.42,100,96,1.95,RU,1678226154
23,ponta do sol,32.6667,-17.1,19.28,84,98,2.35,PT,1678226219
24,avarua,-21.2078,-159.775,30.03,79,75,6.17,CK,1678226179
25,sol-iletsk,51.1631,54.9918,-15.94,100,83,2.17,RU,1678226439
26,georgetown,5.4112,100.3354,26.96,78,20,3.09,MY,1678226114
27,taltal,-25.4,-70.4833,22.66,69,99,2.64,CL,1678226421
28,hithadhoo,-0.6,73.0833,28.04,74,20,5.41,MV,1678226205
29,punta arenas,-53.15,-70.9167,13.06,54,75,12.86,CL,1678226440
30,sao filipe,14.8961,-24.4956,23.51,72,0,2.26,CV,1678226280
31,rikitea,-23.1203,-134.9692,24.97,84,100,11.51,PF,1678226189
32,lasa,46.6166,10.7002,5.49,92,74,1.72,IT,1678226440
33,los llanos de aridane,28.6585,-17.9182,16.18,91,0,3.6,ES,1678226193
34,plouzane,48.3833,-4.6167,9.18,100,100,5.66,FR,1678226442
35,tautira,-17.7333,-149.15,26.41,81,16,5.83,PF,1678226336
36,fereydun kenar,36.6864,52.5225,9.6,88,17,3.24,IR,1678226442
37,hilo,19.7297,-155.09,27.38,80,75,6.17,US,1678225988
38,castro,-24.7911,-50.0119,19.42,81,83,2.61,BR,1678226175
39,clinton,42.587,-82.9199,6.01,48,0,6.17,US,1678226151
40,sioux lookout,50.1001,-91.917,-3.96,39,40,2.57,CA,1678226310
41,saldanha,-33.0117,17.9442,17.03,89,31,6.17,ZA,1678226218
42,cidreira,-30.1811,-50.2056,24.14,87,18,2.59,BR,1678226253
43,leningradskiy,69.3833,178.4167,-30.66,95,62,1.21,RU,1678226227
44,kaitangata,-46.2817,169.8464,19.93,60,74,1.39,NZ,1678226185
45,ilulissat,69.2167,-51.1,-2.21,47,32,9.45,GL,1678226239
46,singkang,2.1006,102.7994,21.7,97,22,1.78,MY,1678226443
47,necochea,-38.5473,-58.7368,20.51,83,98,4.58,AR,1678226444
48,sapouy,11.5544,-1.7736,29.93,12,100,1.73,BF,1678226444
49,verkhoyansk,67.5447,133.385,-35.94,100,100,1.03,RU,1678226445
50,batagay-alyta,67.8006,130.4114,-36.46,93,26,2.37,RU,1678226250
51,carutapera,-1.195,-46.02,24.65,93,98,3.75,BR,1678226373
52,panjab,34.388,67.0233,-8.77,68,1,1.73,AF,1678226445
53,khandyga,62.6667,135.6,-26.56,100,99,1.08,RU,1678226445
54,faanui,-16.4833,-151.75,27.79,73,96,6.26,PF,1678226189
55,tuktoyaktuk,69.4541,-133.0374,-26.0,76,20,7.2,CA,1678226182
56,mahanoro,-19.9,48.8,24.31,90,97,1.87,MG,1678226446
57,morant bay,17.8815,-76.4093,28.79,70,33,3.82,JM,1678226446
58,ancud,-41.8697,-73.8203,14.94,66,75,2.48,CL,1678226185
59,luderitz,-26.6481,15.1594,16.11,89,0,3.83,NA,1678226202
60,waipawa,-41.4122,175.5153,18.34,70,48,3.35,NZ,1678226280
61,rawson,-43.3002,-65.1023,21.16,37,0,8.75,AR,1678226447
62,miri,4.4148,114.0089,24.08,94,40,0.0,MY,1678226115
63,filingue,14.3521,3.3168,31.3,9,100,4.1,NE,1678226448
64,qaanaaq,77.484,-69.3632,-13.51,92,62,2.2,GL,1678226184
65,saint-philippe,-21.3585,55.7679,25.77,88,82,5.16,RE,1678226253
66,mount gambier,-37.8333,140.7667,12.11,58,100,4.15,AU,1678226166
67,humaita,-7.5061,-63.0208,26.18,83,99,0.82,BR,1678226448
68,hobart,-42.8794,147.3294,10.92,70,75,10.8,AU,1678226188
69,bethel,41.3712,-73.414,5.2,52,80,2.68,US,1678226176
70,albany,42.6001,-73.9662,-0.43,58,95,3.58,US,1678226178
71,kodiak,57.79,-152.4072,2.73,70,0,2.06,US,1678226168
72,hermanus,-34.4187,19.2345,18.22,86,100,1.92,ZA,1678226188
73,asfi,32.2994,-9.2372,16.34,93,27,2.61,MA,1678226449
74,souillac,-20.5167,57.5167,25.21,88,75,3.09,MU,1678226221
75,shellbrook,53.2168,-106.4011,-15.43,82,100,5.34,CA,1678226450
76,vaini,-21.2,-175.2,27.09,61,20,4.12,TO,1678226207
77,kapaa,22.0752,-159.319,26.73,55,0,9.26,US,1678226154
78,bluff,-46.6,168.3333,17.05,81,10,1.98,NZ,1678226172
79,nkhata bay,-11.6066,34.2907,23.33,87,100,2.15,MW,1678226450
80,new norfolk,-42.7826,147.0587,10.72,71,86,4.02,AU,1678226205
81,mingrelskaya,45.0134,38.3379,7.9,66,72,4.34,RU,1678226451
82,longyearbyen,78.2186,15.6401,-13.09,61,75,5.14,SJ,1678226199
83,oktyabrskiy,54.4815,53.471,-10.92,98,97,2.84,RU,1678226451
84,miles city,46.4083,-105.8406,-3.27,79,100,2.07,US,1678226452
85,nikolskoye,59.7035,30.7861,-7.06,97,83,2.29,RU,1678226180
86,college,64.8569,-147.8028,2.55,79,100,0.0,US,1678226452
87,sao gabriel da cachoeira,-0.1303,-67.0892,27.89,83,20,2.06,BR,1678226453
88,chardara,41.2547,67.9692,17.65,41,100,8.94,KZ,1678226453
89,cervo,43.6702,-7.4101,14.42,73,100,9.67,ES,1678226454
90,butaritari,3.0707,172.7902,27.6,73,57,6.66,KI,1678226200
91,yanaul,56.2719,54.9309,-7.88,97,98,3.82,RU,1678226454
92,antalaha,-14.9003,50.2788,24.42,88,92,1.93,MG,1678226454
93,lorengau,-2.0226,147.2712,26.17,83,100,3.92,PG,1678226211
94,olinda,-8.0089,-34.8553,27.85,69,40,4.63,BR,1678226347
95,barrow,71.2906,-156.7887,-5.99,93,75,2.57,US,1678226171
96,mitsamiouli,-11.3847,43.2844,27.14,73,100,4.82,KM,1678226455
97,manokwari,-0.8667,134.0833,25.12,81,88,1.29,ID,1678226321
98,alexandria,31.2156,29.9553,12.3,64,43,1.28,EG,1678226455
99,honningsvag,70.9821,25.9704,-7.14,68,75,5.66,NO,1678226318
100,nizhniy kuranakh,58.8353,125.4869,-29.5,100,79,1.34,RU,1678226456
101,saskylakh,71.9167,114.0833,-24.7,95,100,3.09,RU,1678226189
102,yarovoye,52.9273,78.58,4.23,97,100,11.58,RU,1678226456
103,ati,13.2154,18.3353,29.5,10,41,6.61,TD,1678226457
104,lagoa,39.05,-27.9833,14.8,80,3,16.83,PT,1678226214
105,san-pedro,4.7485,-6.6363,26.44,88,94,4.01,CI,1678226277
106,mbaiki,3.8678,17.9892,25.65,45,58,1.27,CF,1678226457
107,yar-sale,66.8333,70.8333,-22.82,95,98,6.51,RU,1678226209
108,kem,64.9555,34.5793,-17.72,100,95,2.44,RU,1678226384
109,hambantota,6.1241,81.1185,24.19,100,0,2.57,LK,1678226186
110,atuona,-9.8,-139.0333,26.45,76,52,3.84,PF,1678226168
111,ipswich,52.0592,1.1555,-0.08,81,0,0.51,GB,1678226458
112,zasheyek,67.4066,32.5499,-16.7,99,95,1.77,RU,1678226459
113,vaasa,63.096,21.6158,-8.3,85,0,3.58,FI,1678226459
114,grand-lahou,5.1367,-5.0242,27.07,84,88,5.05,CI,1678226460
115,atasu,48.6814,71.6433,0.03,91,100,5.28,KZ,1678226460
116,aloleng,16.1307,119.7824,22.54,75,3,4.04,PH,1678226461
117,aswan,24.0934,32.907,21.61,21,0,3.09,EG,1678226113
118,kudahuvadhoo,2.6708,72.8944,27.84,75,4,6.31,MV,1678226461
119,tiksi,71.6872,128.8694,-25.25,96,100,2.65,RU,1678226196
120,agadez,19.75,10.25,25.76,14,36,2.83,NE,1678226462
121,borogontsy,62.6683,131.1683,-30.64,100,97,0.23,RU,1678226462
122,pisco,-13.7,-76.2167,29.03,58,0,5.14,PE,1678226095
123,pochutla,15.7432,-96.4661,32.12,49,100,3.59,MX,1678226220
124,ambovombe,-25.1667,46.0833,23.25,94,100,6.03,MG,1678226463
125,puerto ayora,-0.7393,-90.3518,28.98,92,100,4.02,EC,1678226170
126,bredasdorp,-34.5322,20.0403,18.01,87,96,0.82,ZA,1678226169
127,sitka,57.0531,-135.33,4.94,36,20,0.0,US,1678226219
128,lebu,-37.6167,-73.65,17.2,84,99,5.54,CL,1678226184
129,upernavik,72.7868,-56.1549,-13.67,93,71,2.41,GL,1678226241
130,arraial do cabo,-22.9661,-42.0278,25.98,78,40,8.75,BR,1678226164
131,smirnykh,49.75,142.8333,-8.51,89,100,1.59,RU,1678226464
132,champerico,14.3,-91.9167,34.3,62,100,4.45,GT,1678226258
133,mount isa,-20.7333,139.5,20.87,100,100,8.23,AU,1678226243
134,santa rosa,14.3122,121.1114,23.99,86,0,2.95,PH,1678225933
135,mahina,-17.5065,-149.489,28.87,74,40,7.2,PF,1678226268
136,onega,63.9061,38.1404,-13.18,99,98,2.11,RU,1678226464
137,zimovniki,47.1483,42.4633,4.38,66,94,5.21,RU,1678226465
138,nizhnyaya omka,55.4338,74.9426,-4.34,95,100,7.99,RU,1678226465
139,mawana,29.1,77.9167,16.66,28,1,0.93,IN,1678226455
140,clyde river,70.4692,-68.5914,-9.87,79,75,10.29,CA,1678226248
141,saurimo,-9.6608,20.3916,17.64,97,99,1.71,AO,1678226465
142,nouadhibou,20.931,-17.0347,23.99,46,0,6.17,MR,1678226466
143,salinopolis,-0.6136,-47.3561,25.71,88,98,5.8,BR,1678226233
144,castel san giovanni,45.0583,9.4335,12.21,78,55,0.68,IT,1678226466
145,sorong,-0.8833,131.25,26.53,82,8,2.22,ID,1678226467
146,husavik,66.0449,-17.3389,-7.43,85,100,9.05,IS,1678226297
147,east london,-33.0153,27.9116,21.9,92,100,6.43,ZA,1678225959
148,ust-kan,50.9276,84.761,2.95,89,100,5.62,RU,1678226468
149,kiunga,-6.1219,141.2906,23.35,97,100,1.0,PG,1678226468
150,narsaq,60.9167,-46.05,-5.86,76,19,3.67,GL,1678226211
151,cabo san lucas,22.8909,-109.9124,26.14,54,97,5.15,MX,1678226176
152,bud,39.447,-86.1758,10.67,42,4,6.18,US,1678226321
153,gazojak,41.1875,61.4036,8.86,88,100,7.16,TM,1678226469
154,chokurdakh,70.6333,147.9167,-39.3,100,58,1.12,RU,1678226230
155,mangrol,21.1167,70.1167,23.76,64,0,4.07,IN,1678226469
156,havre-saint-pierre,50.2334,-63.5986,5.2,75,100,6.69,CA,1678226469
157,coari,-4.085,-63.1414,24.75,93,100,0.44,BR,1678226470
158,mareeba,-17.0,145.4333,24.13,95,92,0.45,AU,1678226470
159,talaya,61.3833,152.75,-30.64,99,99,1.4,RU,1678226470
160,young,-32.6833,-57.6333,31.52,26,47,2.41,UY,1678226471
161,mandurah,-32.55,115.7,16.66,54,58,7.65,AU,1678226471
162,camacupa,-12.0167,17.4833,16.95,98,99,2.04,AO,1678226472
163,chuy,-33.6971,-53.4616,23.87,85,20,2.53,UY,1678226206
164,carnarvon,-24.8667,113.6333,25.4,76,0,6.2,AU,1678226199
165,tuatapere,-46.1333,167.6833,19.69,69,6,1.74,NZ,1678226175
166,mizan teferi,6.9833,35.5833,20.01,63,97,1.67,ET,1678226472
167,felipe carrillo puerto,19.5833,-88.05,30.05,37,99,3.14,MX,1678226473
168,nemuro,43.3236,145.575,0.43,91,25,4.04,JP,1678226309
169,dikson,73.5069,80.5464,-37.88,99,44,2.8,RU,1678226186
170,sur,22.5667,59.5289,24.53,47,5,3.32,OM,1678226205
171,saint george,37.1041,-113.5841,14.97,33,0,2.24,US,1678226191
172,severo-kurilsk,50.6789,156.125,0.62,93,97,3.83,RU,1678226181
173,odesskoye,54.2111,72.9651,-3.37,95,100,9.8,RU,1678226474
174,kidal,18.4411,1.4078,26.0,7,94,5.03,ML,1678226288
175,fort nelson,58.8053,-122.7002,-11.7,55,100,1.34,CA,1678226254
176,san quintin,30.4833,-115.95,14.73,61,92,9.74,MX,1678226474
177,ban tak,17.0432,99.0813,21.79,50,1,1.13,TH,1678226475
178,dingli,35.8614,14.3822,12.12,82,20,4.12,MT,1678226475
179,vangaindrano,-23.35,47.6,23.03,92,100,0.47,MG,1678226320
180,taoudenni,22.6783,-3.9836,27.94,9,0,2.44,ML,1678226475
181,gillette,44.2911,-105.5022,-2.21,81,100,4.63,US,1678226350
182,kuala lipis,4.1842,102.0468,20.27,95,4,0.62,MY,1678226476
183,cayenne,4.9333,-52.3333,27.02,78,40,3.6,GF,1678226040
184,shimanovsk,52.0,127.7,-16.55,94,5,1.18,RU,1678226476
185,sinnamary,5.3833,-52.95,25.12,84,100,4.71,GF,1678226477
186,buala,-8.145,159.5921,27.6,79,100,1.76,SB,1678226283
187,huzhou,30.8703,120.0933,13.68,58,100,1.83,CN,1678226477
188,san pedro,14.35,121.0167,23.57,83,20,0.0,PH,1678226477
189,innisfail,-17.5333,146.0333,24.54,88,70,0.86,AU,1678226478
190,klamath falls,42.2249,-121.7817,2.71,67,100,2.24,US,1678226189
191,omsukchan,62.5333,155.8,-25.34,96,97,1.65,RU,1678226286
192,bismarck,46.8083,-100.7837,-11.31,80,100,6.69,US,1678226106
193,halifax,44.6453,-63.5724,1.49,78,100,4.92,CA,1678226185
194,taboga,46.2663,13.1092,7.71,92,100,1.37,IT,1678226478
195,zlotow,53.3635,17.0408,-0.35,75,98,7.17,PL,1678226479
196,norman wells,65.282,-126.8329,-18.98,65,0,5.14,CA,1678226225
197,northam,51.0333,-4.2167,4.03,84,100,6.97,GB,1678226479
198,washington,47.5001,-120.5015,5.74,71,97,1.81,US,1678226472
199,acapulco,16.8634,-99.8901,28.56,60,1,5.02,MX,1678226480
200,port elizabeth,-33.918,25.5701,21.84,93,20,6.69,ZA,1678226192
201,san andres,12.5847,-81.7006,29.01,61,20,6.17,CO,1678226480
202,karratha,-20.7377,116.8463,29.26,74,94,4.51,AU,1678226201
203,codrington,-38.2667,141.9667,12.36,63,100,5.21,AU,1678226480
204,bakal,54.9417,58.8083,-8.61,94,100,3.85,RU,1678226481
205,dingle,10.9995,122.6711,22.35,95,1,3.1,PH,1678226279
206,itoman,26.1247,127.6694,17.01,77,40,3.6,JP,1678226481
207,chimbote,-9.0853,-78.5783,26.18,67,91,3.46,PE,1678226481
208,nanortalik,60.1432,-45.2371,-1.14,84,43,2.27,GL,1678226216
209,bambous virieux,-20.3428,57.7575,25.14,88,75,3.09,MU,1678226233
210,rach gia,10.0167,105.0833,22.98,72,46,2.43,VN,1678226482
211,ostrovnoy,68.0531,39.5131,-13.86,95,97,2.34,RU,1678226265
212,roros,62.5747,11.3842,-22.42,100,70,1.01,NO,1678226482
213,axim,4.8699,-2.2405,25.9,87,100,3.65,GH,1678226208
214,bull savanna,17.8868,-77.5902,24.79,69,47,1.77,JM,1678226483
215,urumqi,43.801,87.6005,-0.47,86,17,1.0,CN,1678226483
216,mehamn,71.0357,27.8492,-7.03,79,100,9.77,NO,1678226183
217,hasaki,35.7333,140.8333,3.22,61,0,3.55,JP,1678226192
218,totma,59.9747,42.7642,-16.31,100,94,1.41,RU,1678226484
219,faya,18.3851,42.4509,16.06,59,80,1.36,SA,1678226214
220,alice springs,-23.7,133.8833,15.75,55,3,2.57,AU,1678226196
221,huarmey,-10.0681,-78.1522,25.76,71,93,3.73,PE,1678226331
222,namatanai,-3.6667,152.4333,25.73,86,100,1.4,PG,1678226273
223,sieradz,51.5958,18.7302,4.25,92,100,4.93,PL,1678226485
224,estevan,49.1334,-102.9842,-12.81,72,75,8.75,CA,1678226465
225,waddan,29.1614,16.139,19.73,21,5,3.71,LY,1678226269
226,rye,40.9807,-73.6837,6.79,47,37,6.26,US,1678226485
227,lantawan,10.6167,123.9833,23.83,92,12,3.19,PH,1678226486
228,ust-nera,64.5667,143.2,-27.7,99,100,1.23,RU,1678226486
229,dwarka,22.2394,68.9678,23.29,69,0,3.16,IN,1678226486
230,thompson,55.7435,-97.8558,-13.91,56,20,2.57,CA,1678226187
231,zyryanka,65.75,150.85,-26.83,91,100,2.28,RU,1678226171
232,praia,14.9215,-23.5087,25.3,38,20,4.12,CV,1678226487
233,pevek,69.7008,170.3133,-33.4,95,10,0.57,RU,1678226181
234,airai,-8.9266,125.4092,15.29,88,100,0.67,TL,1678226173
235,metu,8.3,35.5833,18.14,60,83,1.47,ET,1678226488
236,pechora,65.1472,57.2244,-23.73,92,100,2.3,RU,1678226488
237,ambunti,-4.2365,142.8448,23.21,97,100,0.52,PG,1678226488
238,kupang,-10.1667,123.5833,23.32,100,40,1.03,ID,1678226296
239,torbay,47.6666,-52.7314,1.82,95,100,7.72,CA,1678226249
240,rincon de la victoria,36.7172,-4.2758,18.8,79,60,3.15,ES,1678225891
241,harper,4.375,-7.7169,27.1,83,73,3.91,LR,1678226489
242,alihe,50.5667,123.7167,-13.68,99,92,0.74,CN,1678226489
243,provideniya,64.3833,-173.3,-8.89,92,100,0.45,RU,1678226184
244,sao joao da barra,-21.6403,-41.0511,28.05,85,34,8.13,BR,1678226215
245,khirkiya,22.1674,76.8605,19.9,57,2,1.92,IN,1678226491
246,vinukonda,16.05,79.75,21.57,71,60,0.98,IN,1678226491
247,bereznik,62.8551,42.7072,-8.27,97,100,1.81,RU,1678226491
248,melfi,40.9965,15.6514,8.31,90,23,3.76,IT,1678225959
249,bowen,-20.0167,148.2333,26.57,83,85,4.5,AU,1678226492
250,korla,41.7597,86.1469,7.49,50,1,1.02,CN,1678226252
251,san carlos de bariloche,-41.1456,-71.3082,15.86,72,75,4.12,AR,1678226332
252,ureki,41.9956,41.7786,10.98,68,100,5.16,GE,1678226492
253,price,39.5994,-110.8107,4.59,41,100,1.29,US,1678226318
254,punta alta,-38.8759,-62.0736,20.83,71,46,7.05,AR,1678226493
255,marsh harbour,26.5412,-77.0636,25.07,71,0,5.63,BS,1678226493
256,bojnurd,37.4747,57.329,6.7,88,100,0.67,IR,1678226493
257,moerai,-22.4333,-151.3333,27.9,82,43,7.91,PF,1678226494
258,birjand,32.8663,59.2211,13.26,24,0,4.12,IR,1678226494
259,tasiilaq,65.6145,-37.6368,-7.91,84,66,1.82,GL,1678226193
260,independencia,-5.3964,-40.3086,28.84,34,30,2.4,BR,1678226495
261,wasco,35.5941,-119.341,13.48,44,8,2.63,US,1678226495
262,sabha,27.0377,14.4283,20.38,19,0,2.69,LY,1678226178
263,modrica,43.5204,21.3647,9.9,72,28,2.22,RS,1678226495
264,roswell,34.0232,-84.3616,25.6,26,20,5.14,US,1678226479
265,vinh,18.6667,105.6667,18.33,94,2,0.58,VN,1678226496
266,yulara,-25.2406,130.9889,18.0,37,0,5.45,AU,1678226172
267,saint-augustin,51.226,-58.6502,2.2,96,100,8.99,CA,1678226496
268,alghero,40.5589,8.3181,14.05,100,40,6.69,IT,1678226497
269,rio gallegos,-51.6226,-69.2181,20.03,18,40,13.38,AR,1678226251
270,paulo afonso,-9.4061,-38.2147,29.28,40,31,7.49,BR,1678226497
271,nossa senhora da gloria,-10.2183,-37.4203,25.51,69,52,6.21,BR,1678226497
272,oga,46.4631,10.347,1.38,95,83,1.48,IT,1678226220
273,enugu,6.4402,7.4943,27.76,73,55,3.87,NG,1678226498
274,vila velha,-20.3297,-40.2925,26.97,88,40,3.09,BR,1678226239
275,gigmoto,13.7796,124.39,24.1,83,96,4.92,PH,1678226499
276,katsuura,35.1333,140.3,13.3,64,0,3.55,JP,1678226256
277,pangnirtung,66.1451,-65.7125,-4.0,80,40,0.0,CA,1678226236
278,laguna,38.421,-121.4238,13.95,48,40,3.09,US,1678226330
279,teguise,29.0605,-13.564,17.12,77,20,4.63,ES,1678226499
280,hamilton,39.1834,-84.5333,10.79,38,0,9.26,US,1678226084
281,antsohihy,-14.8796,47.9875,22.38,92,60,0.59,MG,1678226500
282,broome,42.2506,-75.833,0.39,68,100,7.2,US,1678226500
283,jiuquan,39.7432,98.5174,6.53,31,78,3.42,CN,1678226500
284,vyartsilya,62.1764,30.693,-20.99,100,85,1.02,RU,1678226501
285,kyra,49.5776,111.9753,-5.14,70,100,1.1,RU,1678226501
286,cap malheureux,-19.9842,57.6142,24.15,89,66,6.52,MU,1678226501
287,bengkulu,-3.8004,102.2655,23.52,87,23,1.72,ID,1678226223
288,shar,49.5886,81.0453,6.32,78,100,11.3,KZ,1678226502
289,presidente epitacio,-21.7633,-52.1156,27.37,66,14,2.58,BR,1678226502
290,half moon bay,37.4636,-122.4286,14.26,59,40,4.63,US,1678226105
291,gallup,35.5281,-108.7426,12.91,16,0,7.72,US,1678226503
292,moranbah,-22.0016,148.0466,24.61,77,93,3.4,AU,1678226503
293,talnakh,69.4865,88.3972,-29.89,94,96,0.94,RU,1678226503
294,suamico,44.6319,-88.0393,3.82,62,0,4.63,US,1678226504
295,sambava,-14.2667,50.1667,24.69,91,50,2.46,MG,1678226292
296,okha,53.5739,142.9478,-12.18,97,94,2.61,RU,1678226504
297,orkney,-26.9802,26.6727,17.21,86,26,3.15,ZA,1678226484
298,ayan,56.45,138.1667,-15.81,84,100,1.86,RU,1678226505
299,griffith,41.5284,-87.4237,7.81,60,0,5.14,US,1678226427
300,dunedin,-45.8742,170.5036,21.71,72,91,0.73,NZ,1678226263
301,twin falls,42.3505,-114.6445,-0.04,63,76,4.4,US,1678226505
302,alyangula,-13.8483,136.4192,27.46,73,100,8.78,AU,1678226505
303,norrtalje,59.758,18.705,-0.55,95,100,6.62,SE,1678226506
304,huambo,-12.7761,15.7392,17.23,92,100,0.54,AO,1678226506
305,dubbo,-32.25,148.6167,16.07,67,0,0.51,AU,1678226507
306,emborion,40.4833,21.55,3.2,94,14,1.6,GR,1678226507
307,kirakira,-10.4544,161.9205,28.16,76,100,0.32,SB,1678226507
308,ambon,-3.6954,128.1814,25.13,15,40,1.54,ID,1678226326
309,westport,41.1415,-73.3579,7.63,47,66,4.92,US,1678226410
310,ola,59.5833,151.2833,-22.63,96,81,2.82,RU,1678226508
311,kamaishi,39.2667,141.8833,7.13,79,2,3.3,JP,1678226508
312,qianan,44.9932,124.0581,-4.96,94,6,3.13,CN,1678226509
313,nautla,20.2167,-96.7833,27.2,70,99,6.49,MX,1678226509
314,verkhnevilyuysk,63.4453,120.3167,-31.98,99,66,2.11,RU,1678226509
315,aksu,41.1231,80.2644,8.84,30,2,2.23,CN,1678226435
316,tibati,6.4667,12.6333,22.91,17,52,1.15,CM,1678226510
317,ixtapa,20.7,-105.2,29.65,32,74,3.36,MX,1678226510
318,adrar,20.5022,-10.0711,24.45,10,0,4.96,MR,1678226257
319,kamenka,51.3223,42.7678,-0.06,97,100,6.14,RU,1678226511
320,saumur,47.3333,-0.25,7.72,86,98,7.18,FR,1678226511
321,mackay,-21.15,149.2,25.38,83,48,3.35,AU,1678226459
322,emba,48.8264,58.1442,-11.14,96,30,2.06,KZ,1678226512
323,lufilufi,-13.8745,-171.5986,29.88,79,99,8.81,WS,1678226512
324,general pico,-35.6566,-63.7568,32.2,20,0,3.33,AR,1678226512
325,varnavino,57.4035,45.0916,-7.5,96,100,2.03,RU,1678226513
326,grindavik,63.8424,-22.4338,-6.03,58,40,13.89,IS,1678226217
327,kaspiyskiy,45.3929,47.3707,2.02,72,3,4.73,RU,1678226513
328,simao,22.7886,100.9748,12.21,50,0,0.47,CN,1678226514
329,artvin,41.1667,41.8333,4.85,80,100,1.8,TR,1678226514
330,vaxjo,56.8777,14.8091,-1.97,99,100,5.14,SE,1678226514
331,coracora,-15.0333,-73.7833,11.71,94,100,2.54,PE,1678226514
332,requena,39.4883,-1.1004,12.11,75,88,7.79,ES,1678226024
333,eureka,40.8021,-124.1637,8.85,87,100,2.24,US,1678226214
334,karla,59.3723,24.9275,-3.02,83,75,7.72,EE,1678226223
335,dickinson,29.4608,-95.0513,28.97,79,40,4.63,US,1678226515
336,marolambo,-20.05,48.1167,20.67,97,75,1.15,MG,1678226515
337,salalah,17.0151,54.0924,23.48,60,0,1.21,OM,1678226301
338,hauterive,46.0901,3.4459,1.42,90,83,2.47,FR,1678226516
339,leh,34.1667,77.5833,-16.78,70,16,1.37,IN,1678226516
340,blythe,33.6103,-114.5964,20.57,22,0,2.23,US,1678226517
341,roma,43.2128,-75.4557,-0.63,62,100,6.12,US,1678226517
342,torrox,36.7579,-3.9523,18.54,73,41,1.79,ES,1678226517
343,lazaro cardenas,17.9583,-102.2,27.29,64,40,5.94,MX,1678226518
344,bima,-8.4667,118.7167,24.07,93,100,0.21,ID,1678226518
345,mormugao,15.4,73.8,27.59,32,0,2.06,IN,1678226439
346,lithakia,37.7167,20.8333,6.65,77,1,3.4,GR,1678226519
347,baruun-urt,46.6806,113.2792,-3.64,51,99,3.99,MN,1678226519
348,amahai,-3.3333,128.9167,25.23,81,84,2.14,ID,1678226197
349,la palma,33.8464,-118.0467,19.42,50,20,5.66,US,1678226519
350,kediri,-7.8167,112.0167,22.71,92,97,0.98,ID,1678226520
351,luanda,-8.8368,13.2343,27.0,78,20,3.6,AO,1678226326
352,aklavik,68.2191,-135.0107,-19.0,65,40,5.14,CA,1678226228
353,yashkul,46.1711,45.3435,2.96,65,10,5.9,RU,1678226520
354,san patricio,28.017,-97.5169,30.4,57,26,7.94,US,1678226219
355,krasnooktyabrskiy,44.9328,38.3712,7.83,68,81,4.33,RU,1678226521
356,ende,-8.8432,121.6623,24.94,89,99,1.19,ID,1678226521
357,coxim,-18.5067,-54.76,27.21,76,100,1.1,BR,1678226225
358,kutahya,39.4242,29.9833,4.71,88,45,2.18,TR,1678226521
359,pacifica,37.6138,-122.4869,13.87,65,75,4.47,US,1678226522
360,rudbar,30.15,62.6,22.39,22,0,3.33,AF,1678226522
361,yarmouth,41.7057,-70.2286,4.08,63,100,11.62,US,1678226523
362,puerto escondido,15.85,-97.0667,29.0,63,100,3.56,MX,1678226186
363,srednekolymsk,67.45,153.6833,-32.59,93,96,2.7,RU,1678226523
364,kozhevnikovo,56.2589,83.9714,-4.32,93,100,4.95,RU,1678226523
365,cimitarra,6.3142,-73.9497,27.48,85,99,0.76,CO,1678226261
366,muroto,33.2833,134.15,13.52,53,0,2.68,JP,1678226315
367,dongsheng,39.8161,109.9776,1.5,53,3,2.87,CN,1678226231
368,kingussie,57.08,-4.0523,-6.19,90,16,0.77,GB,1678226524
369,agara,42.0376,43.8238,4.21,73,93,2.01,GE,1678226525
370,ahipara,-35.1667,173.1667,20.69,57,1,1.35,NZ,1678226229
371,madison heights,42.4859,-83.1052,6.15,40,0,5.66,US,1678226525
372,bathsheba,13.2167,-59.5167,27.34,69,40,6.69,BB,1678226216
373,high level,58.5169,-117.136,-11.94,72,75,1.03,CA,1678226103
374,stornoway,58.2093,-6.3865,0.98,80,75,6.17,GB,1678226526
375,sagua la grande,22.8067,-80.0756,27.48,49,0,4.59,CU,1678226526
376,truro,50.2653,-5.0544,8.24,80,100,8.23,GB,1678226526
377,kutum,14.2,24.6667,23.56,14,35,6.88,SD,1678226200
378,tres arroyos,-38.3739,-60.2798,19.1,68,87,5.35,AR,1678226527
379,mayumba,-3.432,10.6554,26.54,85,99,2.74,GA,1678226527
380,redlands,34.0556,-117.1825,17.2,48,0,0.89,US,1678226275
381,hirara,24.8,125.2833,18.15,52,75,1.03,JP,1678226234
382,mayo,38.8876,-76.5119,11.39,27,0,10.29,US,1678226528
383,buraydah,26.326,43.975,22.25,46,100,6.78,SA,1678226528
384,shubarshi,48.5872,57.1869,-7.2,91,9,2.83,KZ,1678226528
385,tekeli,44.83,78.8239,5.4,50,99,6.01,KZ,1678226529
386,peniche,39.3558,-9.3811,16.27,95,100,7.1,PT,1678226284
387,najran,17.4924,44.1277,20.36,26,18,1.55,SA,1678226529
388,beaverlodge,55.2166,-119.4361,-14.36,87,100,3.01,CA,1678226530
389,ekibastuz,51.6667,75.3667,2.21,76,92,18.59,KZ,1678226530
390,namibe,-15.1961,12.1522,21.29,80,45,1.29,AO,1678226220
391,tura,25.5198,90.2201,18.92,19,0,1.33,IN,1678226531
392,mokhotlong,-29.2894,29.0675,12.43,89,41,1.3,LS,1678226531
393,luena,-11.7833,19.9167,18.15,98,98,1.91,AO,1678226532
394,marzuq,14.4,46.4667,17.09,34,3,2.64,YE,1678226256
395,ensenada,31.8667,-116.6167,15.53,67,85,5.89,MX,1678226501
396,yavaros,26.7,-109.5167,26.06,35,91,5.41,MX,1678226532
397,isangel,-19.55,169.2667,26.62,65,34,4.94,VU,1678226191
398,erzin,36.9559,36.2,11.44,85,87,1.17,TR,1678226533
399,gari,59.4307,62.3497,-11.68,96,100,2.41,RU,1678226533
400,kasumkent,41.6773,48.146,1.07,82,44,0.78,RU,1678226534
401,begles,44.8084,-0.5481,9.27,93,75,4.12,FR,1678226534
402,wanaka,-44.7,169.15,15.47,89,100,1.77,NZ,1678226534
403,nuevitas,21.5453,-77.2644,26.06,54,0,4.04,CU,1678226535
404,datong,40.0936,113.2914,4.56,53,2,2.43,CN,1678226536
405,berlevag,70.8578,29.0864,-7.0,79,75,9.77,NO,1678226287
406,qandala,11.472,49.8728,25.56,56,3,2.67,SO,1678226333
407,shirgaon,19.7,72.7,25.38,52,8,2.25,IN,1678226536
408,phatthalung,7.5,100.0833,23.63,84,29,3.23,TH,1678226537
409,alekseyevsk,57.8406,108.3492,-4.48,95,100,2.77,RU,1678226322
410,carballo,43.213,-8.691,15.01,86,100,6.67,ES,1678226537
411,shimoda,34.6667,138.95,12.84,56,0,3.48,JP,1678226538
412,vanimo,-2.6741,141.3028,24.15,92,100,1.6,PG,1678226342
413,swan hill,-35.3378,143.5544,15.27,70,100,4.14,AU,1678226033
414,sao felix do xingu,-6.6447,-51.995,23.71,95,98,0.73,BR,1678226476
415,geraldton,-28.7667,114.6,21.23,88,0,3.6,AU,1678226113
416,shache,38.4167,77.2406,11.51,35,0,2.86,CN,1678226330
417,iqaluit,63.7506,-68.5145,-8.15,92,0,0.0,CA,1678226220
418,bafq,31.6128,55.4107,19.44,30,63,0.18,IR,1678226538
419,asau,46.4333,26.4,0.51,82,100,3.2,RO,1678226261
420,matamoros,25.5333,-103.25,32.28,5,72,1.45,MX,1678226274
421,talcahuano,-36.7167,-73.1167,15.82,88,100,3.6,CL,1678226539
422,batemans bay,-35.7167,150.1833,18.39,42,24,2.21,AU,1678226539
423,nelson bay,-32.7167,152.15,23.38,68,3,2.68,AU,1678226540
424,davila,18.4726,120.5763,18.99,75,0,4.96,PH,1678226540
425,kiruna,67.8557,20.2251,-21.49,84,100,1.03,SE,1678226540
426,porto velho,-8.7619,-63.9039,27.03,78,20,1.03,BR,1678226248
427,north vanlaiphai,23.1333,93.0667,8.86,59,31,1.32,IN,1678226541
428,ilinskiy,55.619,38.1182,-6.16,93,75,2.0,RU,1678226541
429,sechura,-5.5569,-80.8222,26.78,73,98,5.35,PE,1678226541
430,norden,53.6,7.2,0.54,97,64,5.11,DE,1678226376
431,asyut,27.181,31.1837,15.1,32,0,3.57,EG,1678226542
432,kemijarvi,66.7131,27.4306,-12.55,97,100,0.97,FI,1678226542
433,camacha,33.0833,-16.3333,16.68,94,75,2.06,PT,1678226543
434,lata,40.1629,-8.3327,14.95,89,97,2.07,PT,1678226293
435,barcelos,41.5388,-8.6151,14.08,86,98,3.98,PT,1678226543
436,bharthana,26.7571,79.2248,19.77,34,92,1.51,IN,1678226543
437,tyazhinskiy,56.116,88.524,-6.34,90,100,4.88,RU,1678226544
438,aldan,58.6031,125.3894,-25.9,97,66,2.6,RU,1678226544
439,pundaguitan,6.3711,126.1689,26.17,82,18,1.82,PH,1678226544
440,port-cartier,50.0334,-66.8654,0.97,99,100,4.1,CA,1678226288
441,sorland,67.667,12.6934,-4.08,52,23,8.61,NO,1678226545
442,akureyri,65.6835,-18.0878,-7.04,73,100,7.2,IS,1678226399
443,gold coast,-28.0,153.4333,26.8,86,100,3.6,AU,1678226132
444,emerald,-23.5333,148.1667,25.19,77,94,4.51,AU,1678226545
445,puerto madryn,-42.7692,-65.0385,19.68,45,80,10.75,AR,1678226279
446,agua dulce,18.1333,-94.1333,25.89,73,100,3.36,MX,1678226247
447,lakatoro,-16.0999,167.4164,27.89,77,48,3.11,VU,1678226546
448,baghmara,23.795,86.2085,22.35,25,22,2.19,IN,1678226546
449,nalut,30.3333,10.85,16.23,40,28,3.59,LY,1678226547
450,puerto montt,-41.4698,-72.9447,16.46,72,100,4.12,CL,1678226547
451,kavieng,-2.5744,150.7967,25.71,83,100,2.57,PG,1678226195
452,libreville,0.3925,9.4537,26.28,86,98,2.25,GA,1678226383
453,shirokiy,49.758,129.523,-14.33,91,29,2.72,RU,1678226340
454,svetlaya,46.5389,138.3297,-1.28,95,100,6.26,RU,1678226548
455,fortuna,40.5982,-124.1573,8.7,93,100,5.14,US,1678226200
456,hervey bay,-25.2986,152.8535,26.15,74,70,4.94,AU,1678226548
457,portland,45.5234,-122.6762,9.96,69,75,2.68,US,1678225912
458,ziro,27.6333,93.8333,7.41,89,59,1.06,IN,1678225966
459,siniscola,40.5719,9.6922,13.75,82,93,3.27,IT,1678226549
460,gorontalo,0.5412,123.0595,23.22,94,44,1.61,ID,1678226333
461,aksarka,66.5606,67.7975,-32.49,90,24,0.76,RU,1678226195
462,dongli,23.5656,116.8194,11.99,82,5,0.0,CN,1678226549
463,makakilo city,21.3469,-158.0858,23.89,52,75,4.63,US,1678226476
464,kieta,-6.2167,155.6333,26.3,81,100,0.62,PG,1678226550
465,tavda,58.0425,65.2726,-8.04,96,100,2.07,RU,1678226550
466,talaja,21.35,72.05,25.36,44,0,1.93,IN,1678226550
467,xiaoweizhai,26.1903,107.5125,14.1,96,100,0.13,CN,1678226551
468,izhma,65.0083,53.9113,-20.82,93,100,1.15,RU,1678226551
469,kavaratti,10.5669,72.642,27.14,66,17,1.38,IN,1678226178
470,sakaraha,-22.9,44.5333,21.52,84,100,7.43,MG,1678226552
471,uspenka,48.3903,39.1619,5.3,94,100,7.96,UA,1678226552
472,lavrentiya,65.5833,-171.0,-13.68,94,100,2.37,RU,1678226324
473,la orilla,17.9833,-102.2333,27.34,63,42,5.97,MX,1678226553
474,san cristobal,7.7669,-72.225,25.1,54,99,0.61,VE,1678226553
475,rosarito,32.3333,-117.0333,16.8,58,51,6.39,MX,1678226456
476,bilma,18.6853,12.9164,27.87,12,91,4.38,NE,1678226554
477,kalagarh,29.5,78.75,16.48,37,30,1.74,IN,1678226554
478,port lincoln,-34.7333,135.8667,17.47,74,96,7.75,AU,1678226555
479,malaya vishera,58.8454,32.2222,-11.59,97,85,2.61,RU,1678226555
480,finnsnes,69.2296,17.9811,-16.25,95,61,2.48,NO,1678226556
481,bibiani,6.4635,-2.3194,23.55,96,87,1.29,GH,1678226421
482,la ronge,55.1001,-105.2842,-11.86,40,20,6.17,CA,1678226556
483,ushtobe,45.2514,77.9838,10.46,49,86,5.4,KZ,1678226556
484,turukhansk,65.8167,87.9833,-20.0,98,100,5.91,RU,1678226557
485,beian,63.6559,9.5683,-3.95,80,75,6.69,NO,1678226557
486,praya,14.9215,-23.5087,25.3,38,20,4.12,CV,1678226557
487,belyy yar,53.6039,91.3903,-4.06,88,0,2.0,RU,1678226319
488,walvis bay,-22.9575,14.5053,16.72,75,0,5.43,NA,1678226321
489,kulhudhuffushi,6.6221,73.07,26.72,78,5,4.02,MV,1678226558
490,caravelas,-17.7125,-39.2481,25.7,83,55,2.76,BR,1678226558
491,mega,4.05,38.3,18.7,42,41,7.44,ET,1678226559
492,kysyl-syr,63.8986,122.7617,-36.62,100,100,1.7,RU,1678226559
493,amalner,21.05,75.0667,23.56,37,9,2.58,IN,1678226559
494,lucapa,-8.4192,20.7447,18.64,98,100,1.4,AO,1678226560
495,naze,28.3667,129.4833,11.51,68,11,2.19,JP,1678226560
496,nago,26.5881,127.9761,16.47,60,83,2.78,JP,1678226560
497,matucana,-11.85,-76.4,17.21,95,100,3.68,PE,1678226561
498,kawalu,-7.3817,108.2082,21.9,96,73,0.23,ID,1678226561
499,kruisfontein,-34.0033,24.7314,18.75,95,88,4.7,ZA,1678226562
500,chapais,49.7834,-74.8492,-7.12,93,100,5.33,CA,1678226301
501,placido de castro,-10.3353,-67.1856,26.06,92,100,1.32,BR,1678226562
502,castelnau-le-lez,43.6333,3.9,7.73,87,0,3.6,FR,1678226562
503,itacarambi,-15.1022,-44.0919,24.43,72,85,0.57,BR,1678226563
504,ler,8.3018,30.1418,30.91,27,59,1.33,SS,1678226563
505,vardo,70.3705,31.1107,-13.01,72,61,8.75,NO,1678226563
506,guaruja,-23.9931,-46.2564,28.83,26,0,3.09,BR,1678226564
507,snina,48.9886,22.151,5.2,66,100,2.51,SK,1678226564
508,kenora,49.8167,-94.4337,-5.46,42,75,2.57,CA,1678226452
509,tessalit,20.1986,1.0114,23.53,10,73,4.06,ML,1678226565
510,saint anthony,45.0205,-93.218,3.96,51,0,5.66,US,1678226565
511,san vicente,-26.6167,-54.1333,24.27,45,19,0.65,AR,1678226566
512,sonaguera,15.6333,-86.3333,27.0,54,97,2.65,HN,1678226566
513,qazvin,36.2797,50.0049,9.17,57,81,2.06,IR,1678226566
514,bandar,2.05,99.75,21.88,98,90,1.13,ID,1678226567
515,chatham,51.3789,0.5279,2.34,73,74,0.45,GB,1678226468
516,aguimes,27.9054,-15.4461,17.14,75,0,3.09,ES,1678226567
517,beloha,-25.1667,45.05,22.81,94,100,5.53,MG,1678226568
518,espanola,35.9911,-106.0806,13.99,29,100,5.17,US,1678226452
519,olafsvik,64.8945,-23.7142,-6.01,67,100,15.52,IS,1678226273
520,goderich,43.7501,-81.7165,1.62,55,0,8.23,CA,1678226568
521,talgar,43.3027,77.2395,2.09,70,40,0.0,KZ,1678226569
522,sabya,17.1495,42.6254,26.79,57,23,1.7,SA,1678226569
523,santa barbara,34.7333,-120.0343,14.22,51,0,5.66,US,1678226569
524,santa maria,-29.6842,-53.8069,29.61,58,40,2.06,BR,1678226570
525,golden,39.7555,-105.2211,1.77,64,100,2.06,US,1678226399
526,bamiantong,44.9333,130.5333,-4.03,88,48,2.22,CN,1678226570
527,coquimbo,-29.9533,-71.3436,20.85,73,20,4.12,CL,1678226571
528,aykhal,66.0,111.5,-22.1,99,100,3.04,RU,1678226571
529,meadow lake,34.8014,-106.5436,15.38,40,100,4.99,US,1678226452
530,lubao,14.9167,120.55,23.84,85,0,2.5,PH,1678226571
531,haines junction,60.7522,-137.5108,-2.03,46,100,3.6,CA,1678226572
532,sexsmith,55.35,-118.786,-14.36,66,75,4.12,CA,1678226572
533,masingbi,8.7833,-11.95,27.75,49,100,2.19,SL,1678226572
534,margate,51.3813,1.3862,2.72,92,72,1.47,GB,1678226326
535,yemelyanovo,56.1681,92.6767,-6.55,79,0,2.0,RU,1678226573
536,moorhead,46.8739,-96.7676,-11.02,67,100,6.17,US,1678226305
537,pravia,43.4906,-6.1508,13.6,72,100,2.94,ES,1678226573
538,charlestown,-32.95,151.6667,25.94,42,0,3.81,AU,1678226574
539,capao bonito,-24.0058,-48.3494,21.1,84,14,0.54,BR,1678225904
540,sayyan,15.1718,44.3244,13.11,30,0,1.99,YE,1678226574
541,poum,-20.2333,164.0167,27.19,70,5,9.17,NC,1678226574
542,luang prabang,19.8856,102.1347,19.13,68,0,0.62,LA,1678226575
543,reconquista,-29.15,-59.65,28.21,39,100,2.73,AR,1678226575
544,tshikapa,-6.4167,20.8,20.99,89,100,0.62,CD,1678226575
545,rongcheng,30.634,117.8517,17.35,51,100,1.43,CN,1678226576
546,bulalacao,12.3254,121.3435,23.5,84,8,5.94,PH,1678226576
547,rabo de peixe,37.8,-25.5833,15.73,88,20,7.72,PT,1678226577
548,ranong,9.9658,98.6348,22.43,90,4,2.19,TH,1678226577
549,bonavista,48.6499,-53.1147,1.13,95,100,8.47,CA,1678226578
550,sakakah,29.9697,40.2064,17.76,49,38,4.38,SA,1678226578
551,guerrero negro,27.9769,-114.0611,16.59,59,31,9.95,MX,1678226305
552,somerset,40.5668,-74.5496,7.34,45,0,7.2,US,1678226578
553,qixingtai,30.4135,111.8874,16.08,94,63,2.09,CN,1678226579
554,kabinda,-6.1333,24.4833,19.31,96,100,2.77,CD,1678226579
555,lhokseumawe,5.1801,97.1507,24.49,81,39,0.99,ID,1678226580
556,turayf,31.6725,38.6637,13.14,35,0,6.17,SA,1678226580
557,ndola,-12.9587,28.6366,17.16,97,85,1.82,ZM,1678226580
558,tafresh,34.692,50.013,8.25,75,53,2.07,IR,1678226581
